orden,norma,capitulo,numeral,requisito,nivel,codigo,documento_padre,observacion
1,ISO 17034,0 · Documentos base,Base,Documentos base del sistema,1,GSA-MC-SAD-003,,
2,ISO 17034,0 · Documentos base,Base,Documentos base del sistema,1,GSA-MC-SAD-001,,
3,ISO 17034,3 · Políticas y objetivos,3.0,Políticas y objetivos,1,GSA-MC-SAD-003 · 3.2.1(2),,
4,ISO 17034,3 · Políticas y objetivos,3.0,Políticas y objetivos,1,GSA-MC-SAD-003 · 3.2.3,,
5,ISO 17034,3 · Políticas y objetivos,3.0,Políticas y objetivos,2,GSA-SAD-G-015,GSA-MC-SAD-003 · 3.2.3,
6,ISO 17034,4 · Requisitos generales,4.0,Imparcialidad y confidencialidad,1,GSA-SAD-P-009,,
7,ISO 17034,4 · Requisitos generales,4.0,Imparcialidad y confidencialidad,1,GSA-I-SAD-038,,
8,ISO 17034,4 · Requisitos generales,4.0,Imparcialidad y confidencialidad,1,GSA-SAD-G-019,,
9,ISO 17034,4 · Requisitos generales,4.1,Asuntos contractuales,1,GSA-SAD-P-006,,
10,ISO 17034,5 · Requisitos estructurales,5.0,Estructura,1,GSA-I-SAD-041,,
11,ISO 17034,6 · Requisitos de recursos,6.1,Personal,1,GSA-SAD-G-001,,
12,ISO 17034,6 · Requisitos de recursos,6.1,Personal,1,GSA-SAD-G-006,,
13,ISO 17034,6 · Requisitos de recursos,6.1,Personal,1,GSA-SAD-G-007,,
14,ISO 17034,6 · Requisitos de recursos,6.1,Personal,1,GSA-SAD-P-012,,
15,ISO 17034,6 · Requisitos de recursos,6.1,Personal,2,GSA-SAD-G-012,GSA-SAD-P-012,
16,ISO 17034,6 · Requisitos de recursos,6.1,Personal,3,Forma 3-657,GSA-SAD-G-012,
17,ISO 17034,6 · Requisitos de recursos,6.1,Personal,3,Forma 3-022,GSA-SAD-G-012,
18,ISO 17034,6 · Requisitos de recursos,6.1,Personal,3,Forma 3-603,GSA-SAD-G-012,
19,ISO 17034,6 · Requisitos de recursos,6.1,Personal,3,Forma 3-601,GSA-SAD-G-012,
20,ISO 17034,6 · Requisitos de recursos,6.1,Personal,3,Forma 3-460,GSA-SAD-G-012,
21,ISO 17034,6 · Requisitos de recursos,6.1,Personal,3,Forma 3-191,GSA-SAD-G-012,
22,ISO 17034,6 · Requisitos de recursos,6.1,Personal,2,GSA-SAD-G-009,GSA-SAD-P-012,
23,ISO 17034,6 · Requisitos de recursos,6.1,Personal,3,Forma 3-058,GSA-SAD-G-009,
24,ISO 17034,6 · Requisitos de recursos,6.1,Personal,3,Forma 3-618,GSA-SAD-G-009,
25,ISO 17034,6 · Requisitos de recursos,6.1,Personal,2,GSA-SAD-P-013,GSA-SAD-P-012,
26,ISO 17034,6 · Requisitos de recursos,6.1,Personal,3,Forma 3-865,GSA-SAD-P-013,
27,ISO 17034,6 · Requisitos de recursos,6.1,Personal,3,Forma 3-611,GSA-SAD-P-013,
28,ISO 17034,6 · Requisitos de recursos,6.3,Instalaciones y condiciones ambientales,1,GSA-SAD-P-014,,
29,ISO 17034,6 · Requisitos de recursos,6.3,Instalaciones y condiciones ambientales,1,GSA-SAD-P-020,,
30,ISO 17034,6 · Requisitos de recursos,6.4,Productos suministrados externamente,1,GSA-SAD-P-008,,
31,ISO 17034,6 · Requisitos de recursos,6.4,Productos suministrados externamente,1,GSA-I-SAD-039,,
32,ISO 17034,7 · Requisitos técnicos y de producción de MR,7.2,Planificación de la producción,1,GSA-SAD-P-024,,
33,ISO 17034,7 · Requisitos técnicos y de producción de MR,7.3,Control de la producción,1,GSA-SAD-P-013,,
34,ISO 17034,7 · Requisitos técnicos y de producción de MR,7.3,Control de la producción,1,GSA-I-SAD-020,,En el Visio figura como «GSA-SAD-P-020 Manejo de documentos y registros en la SAD». GSA-SAD-P-020 V2 es Ingreso a los laboratorios; el manejo de documentos y registros es el instructivo GSA-I-SAD-020 V11.
35,ISO 17034,7 · Requisitos técnicos y de producción de MR,7.3,Control de la producción,1,GSA-I-SAD-007,,En el Visio figura como «GSA-SAD-007». El código vigente es el instructivo GSA-I-SAD-007 V8.
36,ISO 17034,7 · Requisitos técnicos y de producción de MR,7.3,Control de la producción,1,GSA-SAD-P-004,,
37,ISO 17034,7 · Requisitos técnicos y de producción de MR,7.4,Manipulación y almacenamiento,1,Forma 3-678,,
38,ISO 17034,7 · Requisitos técnicos y de producción de MR,7.5,Procesamiento del material,1,GSA-IO-LANIA-IIAD-001,,
39,ISO 17034,7 · Requisitos técnicos y de producción de MR,7.5,Procesamiento del material,1,GSA-I-SAD-016,,
40,ISO 17034,7 · Requisitos técnicos y de producción de MR,7.5,Procesamiento del material,2,Forma 3-134,GSA-I-SAD-016,
41,ISO 17034,7 · Requisitos técnicos y de producción de MR,7.5,Procesamiento del material,1,GSA-IO-LANIA-R-006,,
42,ISO 17034,7 · Requisitos técnicos y de producción de MR,7.5,Procesamiento del material,1,Forma 3-764,,
43,ISO 17034,7 · Requisitos técnicos y de producción de MR,7.6,Procedimiento de medición,1,GSA-SAD-P-002,,
44,ISO 17034,7 · Requisitos técnicos y de producción de MR,7.7,Equipos de medición,1,GSA-SAD-P-001,,
45,ISO 17034,7 · Requisitos técnicos y de producción de MR,7.8,Integridad de los datos y evaluación,1,GSA-I-SAD-020,,
46,ISO 17034,7 · Requisitos técnicos y de producción de MR,7.9,Trazabilidad metrológica de valores certificados,1,GSA-SAD-P-005,,
47,ISO 17034,7 · Requisitos técnicos y de producción de MR,7.9,Trazabilidad metrológica de valores certificados,1,GSA-SAD-P-028,,
48,ISO 17034,7 · Requisitos técnicos y de producción de MR,7.10–7.11,Evaluación de homogeneidad y estabilidad,1,GSA-SAD-P-026,,
49,ISO 17034,7 · Requisitos técnicos y de producción de MR,7.12–7.13,Caracterización y asignación de valores,1,GSA-SAD-P-028,,
50,ISO 17034,7 · Requisitos técnicos y de producción de MR,7.14,Documentos y etiquetas del MR,1,GSA-I-SAD-040,,
51,ISO 17034,7 · Requisitos técnicos y de producción de MR,7.15,Servicio de distribución,1,GSA-SAD-P-025,,
52,ISO 17034,7 · Requisitos técnicos y de producción de MR,7.16,Control de registros de calidad y técnicos,1,GSA-I-SAD-020,,
53,ISO 17034,7 · Requisitos técnicos y de producción de MR,7.17,Gestión del trabajo no conforme,1,GSA-SAD-P-004,,En el Visio figura como «GSA-SAD-P-014 Gestión del trabajo no conforme». GSA-SAD-P-014 V1 es Instalaciones y condiciones ambientales; el control del trabajo no conforme es GSA-SAD-P-004 V12.
54,ISO 17034,7 · Requisitos técnicos y de producción de MR,7.18,Quejas,1,GSA-I-SAD-001,,
55,ISO 17034,8 · Requisitos del sistema de gestión,8.1,Requisitos generales,1,GSA-MC-SAD-001,,
56,ISO 17034,8 · Requisitos del sistema de gestión,8.2,Documentación del sistema de gestión,1,DIAMANTE,,
57,ISO 17034,8 · Requisitos del sistema de gestión,8.3,Control de los documentos del sistema de gestión,1,GSA-I-SAD-020,,
58,ISO 17034,8 · Requisitos del sistema de gestión,8.4,Control de registros,1,GSA-I-SAD-020,,
59,ISO 17034,8 · Requisitos del sistema de gestión,8.5,Acciones para abordar riesgos y oportunidades,1,GSA-SAD-G-019,,
60,ISO 17034,8 · Requisitos del sistema de gestión,8.5,Acciones para abordar riesgos y oportunidades,1,GSA-I-SAD-038,,
61,ISO 17034,8 · Requisitos del sistema de gestión,8.6,Mejora,1,GSA-I-SAD-007,,En el Visio figura como «GSA-SAD-007». El código vigente es el instructivo GSA-I-SAD-007 V8.
62,ISO 17034,8 · Requisitos del sistema de gestión,8.7,Acciones correctivas,1,GSA-I-SAD-007,,En el Visio figura como «GSA-SAD-007». El código vigente es el instructivo GSA-I-SAD-007 V8.
63,ISO 17034,8 · Requisitos del sistema de gestión,8.8,Auditorías internas,1,GSA-I-SAD-006,,
64,ISO 17034,8 · Requisitos del sistema de gestión,8.9,Revisión por la dirección,1,GSA-I-SAD-012,,
65,ISO/IEC 17043,0 · Documentos base,Base,Documentos base del sistema,1,GSA-MC-SAD-003,,
66,ISO/IEC 17043,0 · Documentos base,Base,Documentos base del sistema,1,GSA-MC-SAD-001,,
67,ISO/IEC 17043,3 · Políticas y objetivos,3.0,Políticas y objetivos,1,GSA-MC-SAD-003 · 3.2.1(2),,
68,ISO/IEC 17043,3 · Políticas y objetivos,3.0,Políticas y objetivos,1,GSA-MC-SAD-003 · 3.2.3,,
69,ISO/IEC 17043,3 · Políticas y objetivos,3.0,Políticas y objetivos,2,GSA-SAD-G-015,GSA-MC-SAD-003 · 3.2.3,
70,ISO/IEC 17043,4 · Requisitos generales,4.0,Imparcialidad y confidencialidad,1,GSA-SAD-P-009,,
71,ISO/IEC 17043,4 · Requisitos generales,4.0,Imparcialidad y confidencialidad,2,Forma 3-183,GSA-SAD-P-009,
72,ISO/IEC 17043,4 · Requisitos generales,4.0,Imparcialidad y confidencialidad,2,Forma 3-406,GSA-SAD-P-009,
73,ISO/IEC 17043,4 · Requisitos generales,4.0,Imparcialidad y confidencialidad,2,Forma 3-587,GSA-SAD-P-009,
74,ISO/IEC 17043,4 · Requisitos generales,4.0,Imparcialidad y confidencialidad,1,GSA-SAD-G-004,,
75,ISO/IEC 17043,4 · Requisitos generales,4.0,Imparcialidad y confidencialidad,1,GSA-I-SAD-038,,
76,ISO/IEC 17043,4 · Requisitos generales,4.0,Imparcialidad y confidencialidad,1,GSA-SAD-G-019,,
77,ISO/IEC 17043,4 · Requisitos generales,4.1,Asuntos contractuales,1,GSA-SAD-P-006,,
78,ISO/IEC 17043,5 · Requisitos estructurales,5.0,Estructura,1,GSA-I-SAD-041,,
79,ISO/IEC 17043,5 · Requisitos estructurales,5.0,Estructura,2,Forma 3-720,GSA-I-SAD-041,
80,ISO/IEC 17043,5 · Requisitos estructurales,5.0,Estructura,1,GSA-SAD-G-008,,
81,ISO/IEC 17043,6 · Requisitos de recursos,6.1,Personal,1,GSA-SAD-G-001,,
82,ISO/IEC 17043,6 · Requisitos de recursos,6.1,Personal,1,GSA-SAD-G-006,,
83,ISO/IEC 17043,6 · Requisitos de recursos,6.1,Personal,1,GSA-SAD-G-007,,
84,ISO/IEC 17043,6 · Requisitos de recursos,6.1,Personal,2,GSA-SAD-G-005,GSA-SAD-G-007,
85,ISO/IEC 17043,6 · Requisitos de recursos,6.1,Personal,1,GSA-SAD-P-012,,
86,ISO/IEC 17043,6 · Requisitos de recursos,6.1,Personal,2,GSA-SAD-G-012,GSA-SAD-P-012,
87,ISO/IEC 17043,6 · Requisitos de recursos,6.1,Personal,3,Forma 3-657,GSA-SAD-G-012,
88,ISO/IEC 17043,6 · Requisitos de recursos,6.1,Personal,3,Forma 3-022,GSA-SAD-G-012,
89,ISO/IEC 17043,6 · Requisitos de recursos,6.1,Personal,3,Forma 3-603,GSA-SAD-G-012,
90,ISO/IEC 17043,6 · Requisitos de recursos,6.1,Personal,3,Forma 3-601,GSA-SAD-G-012,
91,ISO/IEC 17043,6 · Requisitos de recursos,6.1,Personal,3,Forma 3-460,GSA-SAD-G-012,
92,ISO/IEC 17043,6 · Requisitos de recursos,6.1,Personal,3,Forma 3-191,GSA-SAD-G-012,
93,ISO/IEC 17043,6 · Requisitos de recursos,6.1,Personal,2,GSA-SAD-G-009,GSA-SAD-P-012,
94,ISO/IEC 17043,6 · Requisitos de recursos,6.1,Personal,3,Forma 3-058,GSA-SAD-G-009,
95,ISO/IEC 17043,6 · Requisitos de recursos,6.1,Personal,3,Forma 3-618,GSA-SAD-G-009,
96,ISO/IEC 17043,6 · Requisitos de recursos,6.1,Personal,2,GSA-SAD-P-013,GSA-SAD-P-012,
97,ISO/IEC 17043,6 · Requisitos de recursos,6.1,Personal,3,Forma 3-865,GSA-SAD-P-013,
98,ISO/IEC 17043,6 · Requisitos de recursos,6.1,Personal,3,Forma 3-611,GSA-SAD-P-013,
99,ISO/IEC 17043,6 · Requisitos de recursos,6.3,Instalaciones y condiciones ambientales,1,GSA-SAD-P-014,,
100,ISO/IEC 17043,6 · Requisitos de recursos,6.3,Instalaciones y condiciones ambientales,2,GSA-I-SAD-016,GSA-SAD-P-014,
101,ISO/IEC 17043,6 · Requisitos de recursos,6.3,Instalaciones y condiciones ambientales,2,GSA-I-SAD-005,GSA-SAD-P-014,
102,ISO/IEC 17043,6 · Requisitos de recursos,6.3,Instalaciones y condiciones ambientales,3,Forma 3-416,GSA-I-SAD-005,
103,ISO/IEC 17043,6 · Requisitos de recursos,6.3,Instalaciones y condiciones ambientales,3,Forma 3-365,GSA-I-SAD-005,
104,ISO/IEC 17043,6 · Requisitos de recursos,6.3,Instalaciones y condiciones ambientales,1,GSA-SAD-P-020,,
105,ISO/IEC 17043,6 · Requisitos de recursos,6.4,Productos suministrados externamente,1,GSA-SAD-P-008,,
106,ISO/IEC 17043,6 · Requisitos de recursos,6.4,Productos suministrados externamente,2,Forma 3-140,GSA-SAD-P-008,
107,ISO/IEC 17043,6 · Requisitos de recursos,6.4,Productos suministrados externamente,1,GSA-I-SAD-039,,
108,ISO/IEC 17043,6 · Requisitos de recursos,6.4,Productos suministrados externamente,2,Forma 3-392,GSA-I-SAD-039,
109,ISO/IEC 17043,7 · Requisitos del proceso de EA,7.1,Definición y comunicación del esquema de EA,1,GSA-SAD-P-006,,
110,ISO/IEC 17043,7 · Requisitos del proceso de EA,7.1,Definición y comunicación del esquema de EA,1,GSA-SAD-P-031,,
111,ISO/IEC 17043,7 · Requisitos del proceso de EA,7.2,Diseño y planificación de un esquema de EA,1,GSA-SAD-P-031,,
112,ISO/IEC 17043,7 · Requisitos del proceso de EA,7.2,Diseño y planificación de un esquema de EA,2,Forma 3-558,GSA-SAD-P-031,
113,ISO/IEC 17043,7 · Requisitos del proceso de EA,7.2,Diseño y planificación de un esquema de EA,2,Forma 3-406,GSA-SAD-P-031,
114,ISO/IEC 17043,7 · Requisitos del proceso de EA,7.2,Diseño y planificación de un esquema de EA,2,Forma 3-553,GSA-SAD-P-031,
115,ISO/IEC 17043,7 · Requisitos del proceso de EA,7.2,Diseño y planificación de un esquema de EA,2,Forma 3-562,GSA-SAD-P-031,
116,ISO/IEC 17043,7 · Requisitos del proceso de EA,7.2,Diseño y planificación de un esquema de EA,2,Forma 3-539,GSA-SAD-P-031,
117,ISO/IEC 17043,7 · Requisitos del proceso de EA,7.2,Diseño y planificación de un esquema de EA,2,Forma 3-185,GSA-SAD-P-031,
118,ISO/IEC 17043,7 · Requisitos del proceso de EA,7.2,Diseño y planificación de un esquema de EA,1,GSA-SAD-P-033,,
119,ISO/IEC 17043,7 · Requisitos del proceso de EA,7.2,Diseño y planificación de un esquema de EA,2,Forma 3-546,GSA-SAD-P-033,
120,ISO/IEC 17043,7 · Requisitos del proceso de EA,7.2,Diseño y planificación de un esquema de EA,2,Forma 3-379,GSA-SAD-P-033,
121,ISO/IEC 17043,7 · Requisitos del proceso de EA,7.2,Diseño y planificación de un esquema de EA,1,GSA-SAD-P-028,,En el Visio figura como «GSAD-SAD-P-028» (error de digitación).
122,ISO/IEC 17043,7 · Requisitos del proceso de EA,7.2,Diseño y planificación de un esquema de EA,2,Forma 3-687,GSA-SAD-P-028,
123,ISO/IEC 17043,7 · Requisitos del proceso de EA,7.2,Diseño y planificación de un esquema de EA,1,GSA-I-SAD-038,,
124,ISO/IEC 17043,7 · Requisitos del proceso de EA,7.3,Producción y distribución de los IEA,1,GSA-SAD-P-030,,En el Visio figura como «GSAD-SAD-P-030» (error de digitación).
125,ISO/IEC 17043,7 · Requisitos del proceso de EA,7.3,Producción y distribución de los IEA,1,GSA-SAD-P-026,,
126,ISO/IEC 17043,7 · Requisitos del proceso de EA,7.3,Producción y distribución de los IEA,1,GSA-SAD-P-025,,
127,ISO/IEC 17043,7 · Requisitos del proceso de EA,7.3,Producción y distribución de los IEA,2,Instructivo particular,GSA-SAD-P-025,
128,ISO/IEC 17043,7 · Requisitos del proceso de EA,7.3,Producción y distribución de los IEA,1,GSA-I-SAD-040,,
129,ISO/IEC 17043,7 · Requisitos del proceso de EA,7.3,Producción y distribución de los IEA,2,Forma 3-604,GSA-I-SAD-040,
130,ISO/IEC 17043,7 · Requisitos del proceso de EA,7.3,Producción y distribución de los IEA,2,Forma 3-678,GSA-I-SAD-040,
131,ISO/IEC 17043,7 · Requisitos del proceso de EA,7.4,Evaluación y reporte de los resultados del EA,1,GSA-SAD-P-027,,
132,ISO/IEC 17043,7 · Requisitos del proceso de EA,7.5,Control del proceso del ensayo de aptitud,1,GSA-SAD-P-013,,
133,ISO/IEC 17043,7 · Requisitos del proceso de EA,7.5,Control del proceso del ensayo de aptitud,2,Forma 3-705,GSA-SAD-P-013,
134,ISO/IEC 17043,7 · Requisitos del proceso de EA,7.5,Control del proceso del ensayo de aptitud,1,GSA-I-SAD-020,,En el Visio figura como «GSA-SAD-P-020 Manejo de documentos y registros en la SAD». GSA-SAD-P-020 V2 es Ingreso a los laboratorios; el manejo de documentos y registros es el instructivo GSA-I-SAD-020 V11.
135,ISO/IEC 17043,7 · Requisitos del proceso de EA,7.5,Control del proceso del ensayo de aptitud,1,GSA-SAD-P-004,,
136,ISO/IEC 17043,7 · Requisitos del proceso de EA,7.5,Control del proceso del ensayo de aptitud,1,GSA-I-SAD-007,,En el Visio figura como «GSA-SAD-007». El código vigente es el instructivo GSA-I-SAD-007 V8.
137,ISO/IEC 17043,7 · Requisitos del proceso de EA,7.6,Quejas,1,GSA-I-SAD-001,,
138,ISO/IEC 17043,7 · Requisitos del proceso de EA,7.7,Apelaciones,1,GSA-I-SAD-042,,
139,ISO/IEC 17043,7 · Requisitos del proceso de EA,7.7,Apelaciones,2,Forma 3-633,GSA-I-SAD-042,
140,ISO/IEC 17043,8 · Requisitos del sistema de gestión,8.1,Requisitos generales,1,GSA-MC-SAD-001,,
141,ISO/IEC 17043,8 · Requisitos del sistema de gestión,8.2,Documentación del sistema de gestión,1,DIAMANTE,,
142,ISO/IEC 17043,8 · Requisitos del sistema de gestión,8.3,Control de los documentos del sistema de gestión,1,GSA-I-SAD-020,,
143,ISO/IEC 17043,8 · Requisitos del sistema de gestión,8.4,Control de registros,1,GSA-I-SAD-020,,
144,ISO/IEC 17043,8 · Requisitos del sistema de gestión,8.5,Acciones para abordar riesgos y oportunidades,1,GSA-SAD-G-019,,
145,ISO/IEC 17043,8 · Requisitos del sistema de gestión,8.5,Acciones para abordar riesgos y oportunidades,1,GSA-I-SAD-038,,
146,ISO/IEC 17043,8 · Requisitos del sistema de gestión,8.6,Mejora,1,GSA-I-SAD-007,,En el Visio figura como «GSA-SAD-007». El código vigente es el instructivo GSA-I-SAD-007 V8.
147,ISO/IEC 17043,8 · Requisitos del sistema de gestión,8.7,Acciones correctivas,1,GSA-I-SAD-007,,En el Visio figura como «GSA-SAD-007». El código vigente es el instructivo GSA-I-SAD-007 V8.
148,ISO/IEC 17043,8 · Requisitos del sistema de gestión,8.8,Auditorías internas,1,GSA-I-SAD-006,,
149,ISO/IEC 17043,8 · Requisitos del sistema de gestión,8.9,Revisión por la dirección,1,GSA-I-SAD-012,,
