codigo,documento,tipo,version,enlace,nota
GSA-MC-SAD-001,Manual de calidad de los laboratorios (ISO/IEC 17025:2017),Manual,V16,,
GSA-MC-SAD-003,Manual técnico para MR y EA (ISO 17034 · ISO/IEC 17043),Manual,V3,,
GSA-MC-SAD-003 · 3.2.1(2),Políticas,Manual,,,
GSA-MC-SAD-003 · 3.2.3,Objetivos,Manual,,,
GSA-SAD-P-001,Gestión y control de equipos,Procedimiento,V10,,
GSA-SAD-P-002,Validación o verificación de métodos de ensayo y calibración,Procedimiento,,,
GSA-SAD-P-004,Control del trabajo no conforme,Procedimiento,V12,,
GSA-SAD-P-005,Aseguramiento de la validez de los resultados en los laboratorios y áreas IIAD de la SAD,Procedimiento,V7,,
GSA-SAD-P-006,Revisión de solicitudes de servicios en los laboratorios y áreas de referencia de la SAD,Procedimiento,V5,,
GSA-SAD-P-008,Adquisición de bienes y servicios en los laboratorios,Procedimiento,V7,,
GSA-SAD-P-009,Confidencialidad e imparcialidad en los laboratorios,Procedimiento,V7,,
GSA-SAD-P-012,Gestión del personal en la SAD,Procedimiento,V8,,
GSA-SAD-P-013,Supervisión en los laboratorios y áreas de referencia,Procedimiento,V5,,
GSA-SAD-P-014,Instalaciones y condiciones ambientales en los laboratorios y áreas de referencia de la SAD,Procedimiento,V1,,
GSA-SAD-P-020,Ingreso a los laboratorios de la SAD,Procedimiento,V2,,
GSA-SAD-P-024,Planificación y control de la producción de materiales de referencia,Procedimiento,V4,,
GSA-SAD-P-025,"Distribución de MR, ítems de ensayo y servicio post entrega",Procedimiento,V3,,
GSA-SAD-P-026,Evaluación de homogeneidad y estabilidad de MR e ítems de ensayo,Procedimiento,V4,,
GSA-SAD-P-027,Análisis de datos y evaluación del desempeño en ensayos de aptitud,Procedimiento,,,
GSA-SAD-P-028,Criterios de caracterización y asignación de valor de MR e ítems de ensayo,Procedimiento,V5,,
GSA-SAD-P-030,Gestión de ítems de ensayo para ensayos de aptitud o comparaciones,Procedimiento,,,
GSA-SAD-P-031,Diseño y planificación de un esquema de EA y comparación interlaboratorios,Procedimiento,V1,,
GSA-SAD-P-033,Diseño estadístico para ensayos de aptitud y materiales de referencia,Procedimiento,V2,,
GSA-I-SAD-001,Recepción y evaluación de quejas en los laboratorios de la SAD,Instructivo,,,
GSA-I-SAD-005,Elaboración y análisis de cartas de control,Instructivo,,,
GSA-I-SAD-006,Auditorías internas en los laboratorios,Instructivo,,,
GSA-I-SAD-007,Acciones correctivas y de mejora en la SAD,Instructivo,V8,,
GSA-I-SAD-012,Revisión del sistema de gestión de la calidad de los laboratorios,Instructivo,,,
GSA-I-SAD-016,Limpieza y desinfección de áreas,Instructivo,,,
GSA-I-SAD-020,Manejo de documentos y registros en la SAD,Instructivo,V11,,
GSA-I-SAD-038,Gestión de los riesgos y oportunidades en los laboratorios y áreas de referencia,Instructivo,V2,,
GSA-I-SAD-039,"Trabajos colaborativos y actividades externas para MR, CI o EA",Instructivo,V3,,
GSA-I-SAD-040,Requisitos de registros asociados a la producción de MR e ítems de ensayo,Instructivo,V4,,
GSA-I-SAD-041,Integridad del sistema de calidad en los laboratorios frente a cambios,Instructivo,V2,,
GSA-I-SAD-042,Gestión de apelaciones para los participantes en CI y EA,Instructivo,V1,,
GSA-SAD-G-001,Matriz de responsabilidades por roles,Guía o matriz,V6,,
GSA-SAD-G-004,Matriz de riesgos de imparcialidad y confidencialidad,Guía o matriz,,,
GSA-SAD-G-005,Verificación de requisitos de competencia para contratistas de la SAD,Guía o matriz,,,
GSA-SAD-G-006,Matriz de autoridad por roles,Guía o matriz,V5,,
GSA-SAD-G-007,Guía de interacción de los roles en los laboratorios,Guía o matriz,V6,,
GSA-SAD-G-008,Matriz de comunicaciones de la SAD,Guía o matriz,,,
GSA-SAD-G-009,Diligenciamiento de las autorizaciones del personal,Guía o matriz,,,
GSA-SAD-G-012,Requisitos de formación y conocimientos técnicos para el personal de la SAD,Guía o matriz,V4,,
GSA-SAD-G-015,Matriz de descripción de objetivos de la calidad,Guía o matriz,,,
GSA-SAD-G-019,Matriz de riesgos para las áreas IIAD,Guía o matriz,,,
GSA-IO-LANIA-IIAD-001,Instructivo operativo del Área IIAD (procesamiento del material),Instructivo operativo,,,
GSA-IO-LANIA-R-006,Lavado de material,Instructivo operativo,,,
Forma 3-022,Verificación de competencia para la SAD,Forma (registro),,,
Forma 3-058,Autorizaciones del personal en la SAD,Forma (registro),,,
Forma 3-134,Limpieza y desinfección de áreas,Forma (registro),,,
Forma 3-140,"Recepción de equipos, reactivos y elementos de laboratorio",Forma (registro),,,
Forma 3-183,Compromiso de confidencialidad e imparcialidad,Forma (registro),,,
Forma 3-185,Plan de producción,Forma (registro),,,
Forma 3-191,Registro de formación del personal,Forma (registro),,,
Forma 3-365,Seguimiento de dos variables,Forma (registro),,,
Forma 3-379,Determinación del número de laboratorios,Forma (registro),,,
Forma 3-392,Criterios para trabajos colaborativos,Forma (registro),,,
Forma 3-406,Protocolo de EA,Forma (registro),,,
Forma 3-416,Carta de control,Forma (registro),,,
Forma 3-460,Registro de verificación de competencia para el personal IIAD,Forma (registro),,,
Forma 3-539,Invitación al EA,Forma (registro),,,
Forma 3-546,Protocolo preliminar (cuando aplique),Forma (registro),,,
Forma 3-553,Control de codificación de MR y EA,Forma (registro),,,
Forma 3-558,Diseño y planificación de EA,Forma (registro),,,
Forma 3-562,Ficha de inscripción para el ensayo de aptitud,Forma (registro),,,
Forma 3-587,Compromiso de confidencialidad para personal externo de la SAD,Forma (registro),,,
Forma 3-601,Registro de verificación de entrenamiento,Forma (registro),,,
Forma 3-603,Registro de formación y verificación de actividades,Forma (registro),,,
Forma 3-604,Instrucciones a los participantes para esquemas de EA,Forma (registro),,,
Forma 3-611,Supervisión de actividades,Forma (registro),,,
Forma 3-618,Soporte de autorización de contratistas,Forma (registro),,,
Forma 3-633,Apelaciones en los EA realizados por el ICA,Forma (registro),,,
Forma 3-657,Relación de metas y necesidades de formación,Forma (registro),,,
Forma 3-678,Custodia de MR e IEA,Forma (registro),,,
Forma 3-687,Evaluación de estabilidad y homogeneidad de MR cuantitativos,Forma (registro),,,
Forma 3-705,Supervisión en la organización de ensayos de aptitud,Forma (registro),,,
Forma 3-720,Planificación de cambios en el sistema de calidad,Forma (registro),,,
Forma 3-764,Uso de equipos en los laboratorios,Forma (registro),,,
Forma 3-865,Supervisión de fase analítica,Forma (registro),,,
DIAMANTE,Aplicativo DIAMANTE (gestión documental),Otro,,,
Instructivo particular,Instructivo particular para cada MR o IEA,Otro,,,
